{"cameraMode":{"drawMode":0,"name":"Shaded","section":"Shading Mode"},"sceneLighting":false,"audioPlay":false,"sceneViewState":{"showFog":false,"showMaterialUpdate":false,"showSkybox":false,"showFlares":false,"showImageEffects":false,"showParticleSystems":false},"in2DMode":false,"pivot":{"x":-0.6228938102722168,"y":1.2645046710968018,"z":-0.03743624687194824},"rotation":{"x":0.04301054775714874,"y":0.8298837542533875,"z":0.06460435688495636,"w":-0.552514910697937},"size":6.629528045654297,"orthographic":false}